[
    "{\n    \"food\": \"mediocre at best\",\n    \"service\": \"slow, wine arrived after dinner\"\n}",
    "{\n    \"food\": \"appetizers were really good, chicken over rice dish was a little salty due to too much soy sauce\",\n    \"service\": \"staff was really friendly\"\n}",
    "{\n    \"food\": \"Nice portions, beautiful presentation and excellent food\",\n    \"service\": \"excellent service\"\n}",
    "{\n    \"food\": \"Ribs and filet mignon were good. Bone-in ribeye with ginger glaze was disappointing - glaze was overdone, masked meat flavor, steak was undercooked, cool, and fatty.\",\n    \"service\": \"Had to send steak back to be refired to medium temperature\"\n}",
    "{\n    \"food\": \"very delicious food\",\n    \"service\": \"outstanding service\"\n}",
    "{\n    \"food\": \"Amazing food, fantastic from appetizer to dessert\",\n    \"service\": \"Warmly greeted by hostess, server David was attentive and fun\"\n}",
    "{\n    \"food\": \"Comida con mal sabor. Carnes que no fueron tra\u00eddas al t\u00e9rmino deseado\",\n    \"service\": \"\u00d3rdenes equivocadas\"\n}",
    "{\n    \"food\": \"\",\n    \"service\": \"\"\n}",
    "{\n    \"food\": \"Entree was cold. Pork chop was served in a bowl making it difficult to cut. Food was piled together causing flavors to mix without distinction\",\n    \"service\": \"Service comparable to Denny's. Staff poorly trained. Wine served without tasting. Poor timing of appetizers and salad. No fresh ground pepper offered. Repeated requests needed for silverware\"\n}",
    "{\n    \"food\": \"\",\n    \"service\": \"\"\n}",
    "{\n    \"food\": \"The food was yummy\",\n    \"service\": \"The service was bad, server barely checked on us, only two meals came out and 5-6 minutes later the other two came, had to pour our own wine, though bus boy was helpful and hardworking\"\n}",
    "{\n    \"food\": \"food is always exceptional\",\n    \"service\": \"staff are friendly and helpful\"\n}",
    "{\n    \"food\": \"decent\",\n    \"service\": \"not good, long wait times, order mistakes, lack of attention\"\n}",
    "{\n    \"food\": \"charcuterie was served\",\n    \"service\": \"no plates were provided until I went to the host stand\"\n}",
    "{\n    \"food\": \"excellent\",\n    \"service\": \"horrible\"\n}",
    "{\n    \"food\": \"NY Steak and Pancetta Mac and Cheese were excellent\",\n    \"service\": \"\"\n}",
    "{\n    \"food\": \"Steaks (Filet Mignon and NY Strip) were overcooked and scorched. Appetizers and drinks were perfect.\",\n    \"service\": \"\"\n}",
    "{\n    \"food\": \"\",\n    \"service\": \"\"\n}",
    "{\n    \"food\": \"filet was over cooked and when replaced it was under cooked and didn't look like a filet\",\n    \"service\": \"\"\n}",
    "{\n    \"food\": \"\",\n    \"service\": \"service was below normal due to lack of staffing\"\n}",
    "{\n    \"food\": \"food was just so meh, has lost its luster\",\n    \"service\": \"\"\n}",
    "{\n    \"food\": \"Ribs were too spicy. Loaded Baked potato looked like it had been sitting out for awhile. Butter cake was excellent\",\n    \"service\": \"\"\n}",
    "{\n    \"food\": \"food delicious\",\n    \"service\": \"\"\n}",
    "{\n    \"food\": \"\",\n    \"service\": \"\"\n}",
    "{\n    \"food\": \"Food was just ok\",\n    \"service\": \"Very poor service, server was very young and inexperienced. Had to ask for appetizer plates, dinner order, wine order, steak knife, dessert menus\"\n}",
    "{\n    \"food\": \"steak was overcooked but still good, tuna appetizer was loved\",\n    \"service\": \"\"\n}",
    "{\n    \"food\": \"Steaks were very above average\",\n    \"service\": \"great service\"\n}",
    "{\n    \"food\": \"\",\n    \"service\": \"service was below normal due to lack of staffing\"\n}",
    "{\n    \"food\": \"food was just so meh, has lost its luster\",\n    \"service\": \"\"\n}",
    "{\n    \"food\": \"Ribs were too spicy. Loaded Baked potato looked like it had been sitting out for awhile. Butter cake was excellent\",\n    \"service\": \"\"\n}",
    "{\n    \"food\": \"food delicious\",\n    \"service\": \"\"\n}",
    "{\n    \"food\": \"\",\n    \"service\": \"\"\n}",
    "{\n    \"food\": \"Food was just ok\",\n    \"service\": \"Very poor service, server was very young and inexperienced. Had to ask for appetizer plates, dinner order, wine order, steak knife, dessert menus\"\n}",
    "{\n    \"food\": \"steak was overcooked but still good, tuna appetizer was loved\",\n    \"service\": \"\"\n}",
    "{\n    \"food\": \"Steaks were very above average\",\n    \"service\": \"great service\"\n}",
    "{\n    \"food\": \"great meal\",\n    \"service\": \"fantastic, accommodating\"\n}",
    "{\n    \"food\": \"Food was delightful\",\n    \"service\": \"Server was super nice\"\n}",
    "{\n    \"food\": \"food was less yummy than usual, but still good\",\n    \"service\": \"service is always great\"\n}",
    "{\n    \"food\": \"Pesto Cheesy Loaf and the rib-eye and filet were tender and tasteful\",\n    \"service\": \"\"\n}",
    "{\n    \"food\": \"Scallops were amazing, cooked perfectly. Swordfish and burger were awesome\",\n    \"service\": \"Great service\"\n}",
    "{\n    \"food\": \"Food was great. Everything was cooked perfect and tasted great\",\n    \"service\": \"we had great service\"\n}",
    "{\n    \"food\": \"Ribs were oversauced and too sweet, filet mignon was overcooked with off flavor, teriyaki steak was burnt, fries were soggy, chocolate chip cookie was hard and stale. Only pancetta Mac n cheese was good.\",\n    \"service\": \"Service was very slow with long wait times for water and food taking over 35 minutes\"\n}",
    "{\n    \"food\": \"\",\n    \"service\": \"The service was slow, the waiter never checked on us once food was served\"\n}",
    "{\n    \"food\": \"The food was ok\",\n    \"service\": \"Our server barely came by. They were very awkward during the ordering process. They seemed combative when we asked questions\"\n}",
    "{\n    \"food\": \"Great steaks. The Brussel sprouts side was delicious\",\n    \"service\": \"\"\n}",
    "{\n    \"food\": \"very, very salty\",\n    \"service\": \"OK\"\n}",
    "{\n    \"food\": \"fries were not received\",\n    \"service\": \"poor service, order mix-up, slow drink service\"\n}",
    "{\n    \"food\": \"enjoyed lunches\",\n    \"service\": \"good\"\n}",
    "{\n    \"food\": \"The food took long to serve, portions were small for the price. Poke bowl had plenty of tuna but mostly garnish with one scoop of rice. Beef tips were unexpectedly teriyaki style and not mentioned on menu.\",\n    \"service\": \"Service was slow with long wait times for food\"\n}",
    "{\n    \"food\": \"Steak quality was poor with signature steak and special sirloin being horrible. Horseradish mash was over-baked, dried out and flavorless. Lobster tail was good. NY strip was undercooked. Filet mignons from 'The Grill' were of higher quality.\",\n    \"service\": \"Service was slow, took long time to get water and take orders. Server was overwhelmed, bartender had to take orders. Food came out at different times for the table.\"\n}",
    "{\n    \"food\": \"Steak was good, but salad had issues with uncut peppers and grapes with stems attached. Corn was served on the cob. Scallops and risotto were not worth it.\",\n    \"service\": \"Service was relatively slow, drink order was wrong, staff was friendly but not very attentive.\"\n}",
    "{\n    \"food\": \"\",\n    \"service\": \"well run even on a particularly busy day\"\n}",
    "{\n    \"food\": \"dishes were cold and of subpar quality\",\n    \"service\": \"took an hour and 10 minutes for coffee cake and yogurt parfait, additional 30 minutes for remaining order, server had to constantly apologize\"\n}",
    "{\n    \"food\": \"awesome food\",\n    \"service\": \"great service\"\n}",
    "{\n    \"food\": \"Food was great as usual\",\n    \"service\": \"going in the later afternoon (4pm) is a challenge for service as the only staff present is the Bartender. He is working the bar, setting guests and waiting, serving and clearing tables. Hard for 1 guy to be everywhere\"\n}",
    "{\n    \"food\": \"Amazing food\",\n    \"service\": \"Amazing service\"\n}",
    "{\n    \"food\": \"Great food\",\n    \"service\": \"\"\n}",
    "{\n    \"food\": \"\",\n    \"service\": \"\"\n}",
    "{\n    \"food\": \"Appetizers were good sized and shareable. All entrees were very good. Limited dessert options.\",\n    \"service\": \"\"\n}",
    "{\n    \"food\": \"Food was great but really pricey. The desserts taste like premade and shipped in, cookies were stale and red velvet cake tasted like freezer\",\n    \"service\": \"waitress was fantastic\"\n}",
    "{\n    \"food\": \"food was perfect\",\n    \"service\": \"wonderful service\"\n}",
    "{\n    \"food\": \"food was delicious especially the swordfish entree' and the jalapeno corn bread\",\n    \"service\": \"Drink service was a bit spotty but server-in-training made for that with effort and enthusiam\"\n}",
    "{\n    \"food\": \"great\",\n    \"service\": \"slow and incompetent, had to track down server multiple times, delayed wine service\"\n}",
    "{\n    \"food\": \"very good\",\n    \"service\": \"very friendly staff\"\n}",
    "{\n    \"food\": \"\",\n    \"service\": \"Horrible service, got charged for items they never delivered, no response to complaint\"\n}",
    "{\n    \"food\": \"\",\n    \"service\": \"\"\n}",
    "{\n    \"food\": \"food and cocktails are enjoyable with variety in menu and consistency in flavorful dishes\",\n    \"service\": \"wait staff is friendly and attentive\"\n}",
    "{\n    \"food\": \"Delicious steaks, perfectly prepared. Excellent and generously portioned sides including mac and cheese, brussel sprouts and mushrooms. Excellent oreo crust cheesecake\",\n    \"service\": \"\"\n}",
    "{\n    \"food\": \"Food was good\",\n    \"service\": \"service was seriously lacking, nobody approached us for 20 minutes until I flagged someone down, other tables were served that sat after us, to get a glass of wine took about 15 minutes\"\n}",
    "{\n    \"food\": \"Food was tasty\",\n    \"service\": \"Service was okay\"\n}",
    "{\n    \"food\": \"steak was cooked exactly as wanted\",\n    \"service\": \"\"\n}",
    "{\n    \"food\": \"\",\n    \"service\": \"\"\n}",
    "{\n    \"food\": \"Food was fabulous\",\n    \"service\": \"Service was great\"\n}",
    "{\n    \"food\": \"Great cornbread and baby back ribs\",\n    \"service\": \"\"\n}",
    "{\n    \"food\": \"food is consistent\",\n    \"service\": \"stall is friendly\"\n}",
    "{\n    \"food\": \"delicious\",\n    \"service\": \"amazing staff\"\n}",
    "{\n    \"food\": \"Good foods\",\n    \"service\": \"excellent service\"\n}",
    "{\n    \"food\": \"food was delivered hot\",\n    \"service\": \"server disappeared for 1.30 min, poor attention initially, issues with comped items being canceled on final bill\"\n}",
    "{\n    \"food\": \"extraordinary with different and well executed flavor profiles\",\n    \"service\": \"\"\n}",
    "{\n    \"food\": \"food was great, food really is good\",\n    \"service\": \"service was too slow, staff friendly but too slow and disorganized\"\n}",
    "{\n    \"food\": \"food was all delicious\",\n    \"service\": \"great service\"\n}",
    "{\n    \"food\": \"food was alright, but lacked anything special\",\n    \"service\": \"Service was slow\"\n}",
    "{\n    \"food\": \"underwhelmed with the food, salad was the best thing\",\n    \"service\": \"\"\n}",
    "{\n    \"food\": \"Food was very good. Food arrived quickly\",\n    \"service\": \"They take too long to take drink order. Side dishes arrived after entrees were half consumed\"\n}",
    "{\n    \"food\": \"\",\n    \"service\": \"\"\n}",
    "{\n    \"food\": \"\",\n    \"service\": \"Really slow service. Drinks took 40 min to arrive.\"\n}",
    "{\n    \"food\": \"great food\",\n    \"service\": \"\"\n}",
    "{\n    \"food\": \"Steaks lacked flavor, small salads and sides, burnt loaded baked potato, great cheese bread\",\n    \"service\": \"\"\n}",
    "{\n    \"food\": \"mediocre food, dishes and appetizers weren't all that\",\n    \"service\": \"service was great\"\n}",
    "{\n    \"food\": \"Love the cornbread, burger, salads, sticky chicken, and mac & cheese\",\n    \"service\": \"excellent\"\n}",
    "{\n    \"food\": \"amazing food\",\n    \"service\": \"\"\n}",
    "{\n    \"food\": \"Shrimp appetizer was tasty. Steaks were overcooked and lacked usual juicy flavor. Sticky chicken and scallop risotto were enjoyable.\",\n    \"service\": \"Poor service with long wait times, server was inattentive, had to ask twice for wine chiller, forgot salads, and needed to be reminded multiple times for service.\"\n}",
    "{\n    \"food\": \"excellent food\",\n    \"service\": \"excellent service with staff's attention to detail\"\n}",
    "{\n    \"food\": \"Blackberry filet mignon was cooked perfectly with sides of beans and mushrooms. One loaded potato dish wasn't well-received due to candied items. Cocktails were very good.\",\n    \"service\": \"\"\n}",
    "{\n    \"food\": \"Steak and burger are very good, Sticky Chicken was delicious though preferred dark meat, Butter Cake dessert was delicious\",\n    \"service\": \"\"\n}",
    "{\n    \"food\": \"great food\",\n    \"service\": \"great service\"\n}",
    "{\n    \"food\": \"food was underwhelming and caused GI issues\",\n    \"service\": \"service was good\"\n}",
    "{\n    \"food\": \"Pork chop with apricot chutney and pappardelle pasta dish were delicious\",\n    \"service\": \"Waitress and staff were very attentive\"\n}",
    "{\n    \"food\": \"Filets were cooked perfectly and delicious. Calamari steak appetizer was flavorful and tender\",\n    \"service\": \"Wonderful service\"\n}",
    "{\n    \"food\": \"very good\",\n    \"service\": \"very good\"\n}",
    "{\n    \"food\": \"food quality is barely a step above a fast casual chain\",\n    \"service\": \"\"\n}",
    "{\n    \"food\": \"\",\n    \"service\": \"Long wait time of over 30 minutes for food orders, with multiple tables experiencing extended waiting periods\"\n}",
    "{\n    \"food\": \"Excellent menu\",\n    \"service\": \"pleasant staff\"\n}",
    "{\n    \"food\": \"outstanding\",\n    \"service\": \"service has gone downhill, had to ask for waiter 4 times, busboys pay better attention than waiters\"\n}",
    "{\n    \"food\": \"Pork Chop, steaks and burgers were delicious. Limited vegetable side options with only mushrooms and green beans available.\",\n    \"service\": \"Hostess service was inconsistent. Kitchen was very slow in preparing and serving meals despite low occupancy.\"\n}",
    "{\n    \"food\": \"Food was lukewarm, salad possibly had wrong dressing, kids menu chicken had peppered breading\",\n    \"service\": \"No service for 20 minutes after being seated, no water/drinks provided\"\n}",
    "{\n    \"food\": \"pork chop was very well done instead of medium but still delicious though overcooked\",\n    \"service\": \"server forgot appetizer but corrected it, caused delay in plating dinner\"\n}",
    "{\n    \"food\": \"\",\n    \"service\": \"Extremely poor service with 25 minutes wait time for server acknowledgment, delayed drink orders, appetizers served after an hour, and dismissive attitude from both server and manager after complaint\"\n}",
    "{\n    \"food\": \"Pork chop was the best\",\n    \"service\": \"\"\n}",
    "{\n    \"food\": \"food is always good, great place for a solid steak\",\n    \"service\": \"service is quick and professional\"\n}",
    "{\n    \"food\": \"\",\n    \"service\": \"delivered across the board\"\n}",
    "{\n    \"food\": \"good steak and pork-chop\",\n    \"service\": \"\"\n}",
    "{\n    \"food\": \"The food was excellent. The pork chop was the best pork chop, flavorful and super tender. The corn bread appetizer was to die for.\",\n    \"service\": \"\"\n}",
    "{\n    \"food\": \"Very tasty food. Cornbread and coconut shrimp appetizers were great. Meats (steak and pork) were cooked to perfection, juicy and tender, not dry.\",\n    \"service\": \"Great service usually but they can sometimes get busy\"\n}",
    "{\n    \"food\": \"\",\n    \"service\": \"\"\n}",
    "{\n    \"food\": \"amazingly good food was bomb\",\n    \"service\": \"great service\"\n}",
    "{\n    \"food\": \"amazing and the portions were HUGE\",\n    \"service\": \"staff was so friendly\"\n}",
    "{\n    \"food\": \"\",\n    \"service\": \"Poor service - water request ignored, steaks served without knives, waiters showed annoyance when asked for cutlery\"\n}",
    "{\n    \"food\": \"quality of food is upscale\",\n    \"service\": \"\"\n}",
    "{\n    \"food\": \"saut\u00e9ed green beans with peanuts was very tasty\",\n    \"service\": \"\"\n}",
    "{\n    \"food\": \"excellent\",\n    \"service\": \"competent wait staff\"\n}",
    "{\n    \"food\": \"steak was served and became cold while waiting for a steak knife\",\n    \"service\": \"server was not attentive, long wait times for drinks and items, appeared understaffed with one server handling multiple tables both inside and outside\"\n}",
    "{\n    \"food\": \"food was ok\",\n    \"service\": \"\"\n}",
    "{\n    \"food\": \"\",\n    \"service\": \"The worst service, drinks took over 20 minutes, server was rude despite restaurant being empty\"\n}",
    "{\n    \"food\": \"great food\",\n    \"service\": \"excellent service\"\n}",
    "{\n    \"food\": \"food was amazing\",\n    \"service\": \"hostess was very friendly, server was amazing, wonderful staff\"\n}",
    "{\n    \"food\": \"Apps were good but steak was undercooked and served rare instead of medium\",\n    \"service\": \"Initial service was quick but poor follow-up with 40-minute wait for refired steak, no check-ins, billing issues, and lack of management response\"\n}",
    "{\n    \"food\": \"Food was good - mushrooms, fries, tempura chicken and wedge salad\",\n    \"service\": \"\"\n}",
    "{\n    \"food\": \"Excellent food\",\n    \"service\": \"Excellent service\"\n}",
    "{\n    \"food\": \"excellent\",\n    \"service\": \"excellent, hostesses were helpful and provided quick seating\"\n}",
    "{\n    \"food\": \"expensive and average quality\",\n    \"service\": \"nice but not attentive\"\n}",
    "{\n    \"food\": \"good food\",\n    \"service\": \"good service\"\n}",
    "{\n    \"food\": \"Like the food for the price\",\n    \"service\": \"\"\n}",
    "{\n    \"food\": \"excellent\",\n    \"service\": \"excellent\"\n}",
    "{\n    \"food\": \"\",\n    \"service\": \"Nice service\"\n}",
    "{\n    \"food\": \"good quality of food\",\n    \"service\": \"served main dishes while customers were in middle of drinks and starters\"\n}",
    "{\n    \"food\": \"Excellent meal\",\n    \"service\": \"very friendly service\"\n}",
    "{\n    \"food\": \"The pork chop was overdone, coconut shrimps and crab cakes were heavily breaded and overcooked\",\n    \"service\": \"They did redo the pork chop when sent back\"\n}",
    "{\n    \"food\": \"bread served with brie was way too hard\",\n    \"service\": \"\"\n}",
    "{\n    \"food\": \"\",\n    \"service\": \"Poor service with disorganized food timing and inadequate table settings, requiring multiple requests for silverware\"\n}",
    "{\n    \"food\": \"steaks were great, sticky chicken was tough\",\n    \"service\": \"excellent\"\n}",
    "{\n    \"food\": \"good food\",\n    \"service\": \"staff is fantastic and very accommodating\"\n}",
    "{\n    \"food\": \"food was good\",\n    \"service\": \"service was some of the worst, took over 30 mins just get the waiter to take order, waiter kept forgetting we were one of his tables, got better service from one of the other waiters\"\n}",
    "{\n    \"food\": \"great food\",\n    \"service\": \"\"\n}",
    "{\n    \"food\": \"Food was fantastic except for one dish. The salad with chicken was tough and half of it was inedible. The other three meals were very good.\",\n    \"service\": \"One dish (salad) was delayed by 10 minutes while others were served.\"\n}",
    "{\n    \"food\": \"Rib eye steak was wonderful and melts in mouth. Baked potato was good and large. Baby back ribs were disappointing, overcooked, tough, and hard to cut.\",\n    \"service\": \"\"\n}",
    "{\n    \"food\": \"Food was great\",\n    \"service\": \"service was superb\"\n}",
    "{\n    \"food\": \"\",\n    \"service\": \"very good\"\n}",
    "{\n    \"food\": \"Most of the food was over cooked - charred\",\n    \"service\": \"The waitress was very nice but placed us in the last booth despite outdoor seating request, though agreed to change when asked\"\n}",
    "{\n    \"food\": \"Amazing meal including dirty martinis, wedge salad, and scallops\",\n    \"service\": \"\"\n}",
    "{\n    \"food\": \"Steaks were overcooked, tough, fatty and gristly. Caesar salad service was confused with duplicate delivery. Potato strings were ice cold.\",\n    \"service\": \"Server took over 10 minutes for initial greeting, additional 5 minutes to return. Drinks took 10 minutes to arrive. Failed to split Caesar salad as requested. Poor course timing. Silverware not replaced for 10 minutes after clearing. Overall slow and inattentive service.\"\n}",
    "{\n    \"food\": \"poor\",\n    \"service\": \"poor\"\n}",
    "{\n    \"food\": \"Menu is spectacular, best fresh ground 1lb steak burger\",\n    \"service\": \"Service is AAA\"\n}",
    "{\n    \"food\": \"average steaks\",\n    \"service\": \"poor service\"\n}",
    "{\n    \"food\": \"Sticky chicken overcooked, overcooked Ahi appetizer\",\n    \"service\": \"no silverware when food came out, no silverware or plates, no water offered, extremely slow service all night\"\n}",
    "{\n    \"food\": \"Everything was very good, with some of the tastiest food including Tuna Poke appetizer, filet mignon with blackberry sauce, strip steak with peppercorn sauce, sides of sauteed mushrooms, mashed potatoes, and butter cake dessert\",\n    \"service\": \"Service was a little slow\"\n}",
    "{\n    \"food\": \"Food was very good with some issues. Baked brie had underbaked garlic, green beans were undercooked. Steaks were excellent - blackberry filet mignon and peppercorn NY were well prepared with great flavors and textures.\",\n    \"service\": \"Service was excellent with friendly and attentive staff.\"\n}",
    "{\n    \"food\": \"food was just ok\",\n    \"service\": \"Great service but host was not very helpful\"\n}",
    "{\n    \"food\": \"great\",\n    \"service\": \"great, quick drink service, server was super nice and attentive\"\n}",
    "{\n    \"food\": \"Wonderful food\",\n    \"service\": \"Wonderful staff, did a great job\"\n}",
    "{\n    \"food\": \"bone-in-ribeye was not hot, just warm, but still very good\",\n    \"service\": \"server was friendly for the most part, drinks took long to come out, long gap between courses due to delayed entree order\"\n}",
    "{\n    \"food\": \"cornbread, hamburgers, pork chops, filet, tacos and sides\",\n    \"service\": \"flexible hours, no closure between lunch and dinner\"\n}",
    "{\n    \"food\": \"The food was excellent with baby back ribs and Pappardelle Pasta cooked to perfection\",\n    \"service\": \"Service was good\"\n}",
    "{\n    \"food\": \"Food was delicious. The mushroom side dish, coconut crusted shrimp, risotto, and New York cut steak were amazing. Everything was perfectly prepared and cooked to perfection\",\n    \"service\": \"service was outstanding\"\n}",
    "{\n    \"food\": \"great\",\n    \"service\": \"top notch, friendly and super accommodating\"\n}",
    "{\n    \"food\": \"Food was very good. Steak, brussel sprout and onion soup were fantastic.\",\n    \"service\": \"\"\n}",
    "{\n    \"food\": \"Great food, signature blackberry Demi glaze fillet is fantastic\",\n    \"service\": \"Great service\"\n}",
    "{\n    \"food\": \"Filet was delicious and cooked perfectly. Cheesy bread was a must have. Brussel sprouts portion was perfect. Had creme br\u00fbl\u00e9e and cookie with ice cream for dessert. Cocktails were good.\",\n    \"service\": \"\"\n}",
    "{\n    \"food\": \"burger was outstanding\",\n    \"service\": \"attentive outstanding service\"\n}",
    "{\n    \"food\": \"steaks were subpar, cuts of meat were not quality\",\n    \"service\": \"\"\n}",
    "{\n    \"food\": \"\",\n    \"service\": \"Server forgot about us multiple times\"\n}",
    "{\n    \"food\": \"good yummy food\",\n    \"service\": \"\"\n}",
    "{\n    \"food\": \"Cheesy pesto bread was fresh and tasty. Wedge salad with bacon, peppers, and blue cheese was good. Pork chop was great but slightly undercooked in parts, served with mashed potatoes and Brussels sprouts. Sticky chicken was loved.\",\n    \"service\": \"Initial delay in server arrival but service was great afterwards. Long wait time between salad and entree courses.\"\n}",
    "{\n    \"food\": \"food was delicious\",\n    \"service\": \"service was lacking, difficult to keep server's attention, had to ask hostess to call server, missing drinks, server rushed off before addressing needs\"\n}",
    "{\n    \"food\": \"\",\n    \"service\": \"great\"\n}",
    "{\n    \"food\": \"forgettable and unremarkable\",\n    \"service\": \"good\"\n}",
    "{\n    \"food\": \"\",\n    \"service\": \"waiter offered to move them when sun was blinding through the window\"\n}",
    "{\n    \"food\": \"very good food, steak menu and beer are very good\",\n    \"service\": \"\"\n}",
    "{\n    \"food\": \"main dishes were very salty\",\n    \"service\": \"server was wonderful very nice and friendly and Attentive\"\n}",
    "{\n    \"food\": \"\",\n    \"service\": \"\"\n}",
    "{\n    \"food\": \"Pesto Cheesy Bread and Coconut Shrimp appetizers were awesome. Pappardelle Pasta with Braised Short Rib and Swordfish were served.\",\n    \"service\": \"Server checked in often and provided great service\"\n}",
    "{\n    \"food\": \"\",\n    \"service\": \"Service has gone down\"\n}",
    "{\n    \"food\": \"Love the food\",\n    \"service\": \"great server, just the right amount of attentive, humor and panache made the evening extra enjoyable\"\n}",
    "{\n    \"food\": \"Fantastic meal with excellent coconut shrimp, crab cakes, and filet mignon\",\n    \"service\": \"Good service\"\n}",
    "{\n    \"food\": \"Great food, came out perfect\",\n    \"service\": \"Staff was very good and helpful\"\n}",
    "{\n    \"food\": \"Food came cold\",\n    \"service\": \"service was poor\"\n}",
    "{\n    \"food\": \"The grilled ribeye was cooked perfectly. The pesto cheesy bread was not cut and messy to eat. The house cut fries were dry and overcooked. The brussel sprouts and mushroom sides were good. The ginger ponzu bone-in ribeye had too much sauce. The plain grilled ribeye with no sauce was better.\",\n    \"service\": \"\"\n}",
    "{\n    \"food\": \"Risotto dish had unexpected ingredients (grapes and pumpkin seeds) instead of mushrooms as described by server\",\n    \"service\": \"Server was initially too pushy with ordering, then disappeared after taking order, never checked on table, and provided incorrect information about the dish\"\n}",
    "{\n    \"food\": \"\",\n    \"service\": \"server made us feel special\"\n}",
    "{\n    \"food\": \"Enjoyed the food\",\n    \"service\": \"Enjoyed the service\"\n}",
    "{\n    \"food\": \"food always pleases\",\n    \"service\": \"waiter was friendly, accommodating, and provided excellent customer service, felt valued and well taken care of\"\n}",
    "{\n    \"food\": \"Food excellent, especially love the pesto bread appetizer\",\n    \"service\": \"\"\n}",
    "{\n    \"food\": \"The food was under seasoned and needed salt badly. Pretty disappointed.\",\n    \"service\": \"\"\n}",
    "{\n    \"food\": \"good\",\n    \"service\": \"attentive\"\n}",
    "{\n    \"food\": \"Food was good\",\n    \"service\": \"service was almost non existent, barely checked in, didn't check on drinks and tended other patrons more frequently\"\n}",
    "{\n    \"food\": \"Scallop Risotto and Caesar Salad were so good\",\n    \"service\": \"Service was great\"\n}",
    "{\n    \"food\": \"poorest meal, seemed like leftovers\",\n    \"service\": \"\"\n}",
    "{\n    \"food\": \"\",\n    \"service\": \"Terrible atenci\u00f3n\"\n}",
    "{\n    \"food\": \"Food is mediocre. Steaks were over cooked.\",\n    \"service\": \"Our waiter was slow, drinks took forever, then the waiter was MIA for quite a while.\"\n}",
    "{\n    \"food\": \"The cheese bread was awesome. The pasta with beef was loved. The ribs meat melted off the bone and was delicious. The loaded potato was good.\",\n    \"service\": \"The server was very attentive and presented ice cream cookie with candle\"\n}",
    "{\n    \"food\": \"food was fast\",\n    \"service\": \"service was fast\"\n}",
    "{\n    \"food\": \"The food and drinks were delicious. It was yummy!\",\n    \"service\": \"\"\n}",
    "{\n    \"food\": \"margarita was not spicy as ordered\",\n    \"service\": \"service was extremely slow for drinks, food, dessert menu and bill, though waiter was friendly\"\n}",
    "{\n    \"food\": \"fantastic\",\n    \"service\": \"poor with long wait times, unenthusiastic waiter, minimal attention, and rushed service\"\n}",
    "{\n    \"food\": \"food was amazing with satisfying portions and flavor\",\n    \"service\": \"very nice and patient, accommodating with seating arrangements\"\n}",
    "{\n    \"food\": \"ok\",\n    \"service\": \"long wait time of 45 minutes and poor seating management\"\n}",
    "{\n    \"food\": \"Steaks were delicious\",\n    \"service\": \"\"\n}",
    "{\n    \"food\": \"Sticky chicken tasted boiled. Brussels sprouts were delicious. Pork chop and crab cakes were yummy. Pesto cheesy bread was the best. Expresso martinis and butter cake were good.\",\n    \"service\": \"\"\n}",
    "{\n    \"food\": \"\",\n    \"service\": \"server was the absolute best\"\n}",
    "{\n    \"food\": \"\",\n    \"service\": \"\"\n}",
    "{\n    \"food\": \"food was prepared well\",\n    \"service\": \"attentive service\"\n}",
    "{\n    \"food\": \"Found aluminum foil in cornbread, incorrect steak order served, excessive amount of crispy onions served as correction\",\n    \"service\": \"Server was dismissive about aluminum foil incident, made mistake in order entry causing 40-minute delay, no compensation offered for issues, poor communication, lack of empathy, and slow service except for bill delivery\"\n}",
    "{\n    \"food\": \"Brussel sprouts were boiled with poor texture and no flavor, shrimp was overcooked and chewy with sour curry sauce, cookies were cold instead of warm\",\n    \"service\": \"\"\n}",
    "{\n    \"food\": \"Ribs and fries are so delicious\",\n    \"service\": \"Service was outstanding\"\n}",
    "{\n    \"food\": \"Food was delicious with portions enough to share\",\n    \"service\": \"Anastasia and all servers were kind, patient and attentive\"\n}",
    "{\n    \"food\": \"Food was overbooked\",\n    \"service\": \"Very short staffed, Ton of bussers but no servers. Busser stuck his finger in our food. It took over 30 minutes to get drinks\"\n}",
    "{\n    \"food\": \"Not impressed with the quality of the food, though the Ribeye had gorgeous grill marks\",\n    \"service\": \"Server was friendly and easy going, party was seated on time\"\n}",
    "{\n    \"food\": \"loved the food\",\n    \"service\": \"loved the service but had to wait 1 hour despite having reservation\"\n}",
    "{\n    \"food\": \"excellent\",\n    \"service\": \"server was not good, argued about wine, seemed irritated, inattentive, brought wrong wine, and became annoyed at requests\"\n}",
    "{\n    \"food\": \"filet mignon was cooked to medium and was dry, would have tasted like cardboard without sauce and grapes\",\n    \"service\": \"service was fantastic\"\n}",
    "{\n    \"food\": \"The cornbread was good, steak was good and cooked properly, swordfish dish was good\",\n    \"service\": \"\"\n}",
    "{\n    \"food\": \"medium rare New York Strip steak was overcooked to medium well, like cardboard\",\n    \"service\": \"server incorrectly informed about burger availability while other tables were served burgers later\"\n}",
    "{\n    \"food\": \"excellent\",\n    \"service\": \"\"\n}",
    "{\n    \"food\": \"\",\n    \"service\": \"had to wait ten minutes for a server and the servers was adequate but not attentive\"\n}",
    "{\n    \"food\": \"Good food and drinks\",\n    \"service\": \"\"\n}",
    "{\n    \"food\": \"Food was pricey but delicious\",\n    \"service\": \"Service was great\"\n}",
    "{\n    \"food\": \"Food was meh\",\n    \"service\": \"service left a lot to be desired\"\n}",
    "{\n    \"food\": \"Food was excellent\",\n    \"service\": \"Service was excellent, server was amazing with service and suggestions on the menu\"\n}",
    "{\n    \"food\": \"The food was amazing. Excellent items include Blackberry Filet, Coconut Shrimp Appetizer, Brie Appetizer, Calamari Appetizer, Wedge Salad, French Onion Soup, Scallops, Butter Cake Dessert. Nothing ordered wasn't very good.\",\n    \"service\": \"\"\n}",
    "{\n    \"food\": \"\",\n    \"service\": \"\"\n}",
    "{\n    \"food\": \"\",\n    \"service\": \"waited 40 minutes without any service or even water being served\"\n}",
    "{\n    \"food\": \"chilaquiles are delicious\",\n    \"service\": \"\"\n}",
    "{\n    \"food\": \"The food was fantastic. Risotto and scallops recommended\",\n    \"service\": \"Server was extremely personable and attentive\"\n}",
    "{\n    \"food\": \"steak was overcooked, served well done instead of medium rare\",\n    \"service\": \"\"\n}",
    "{\n    \"food\": \"\",\n    \"service\": \"Slow service, waitress took long time and was somewhat friendly, but bus boys were attentive and constantly checking in\"\n}",
    "{\n    \"food\": \"\",\n    \"service\": \"Very attentive server and host\"\n}",
    "{\n    \"food\": \"steak\",\n    \"service\": \"\"\n}",
    "{\n    \"food\": \"tower fries and wedge are great with good vegetarian options\",\n    \"service\": \"\"\n}",
    "{\n    \"food\": \"The brie platter was so-so with little flavor in cheese. Tacos and onion soup were over salted.\",\n    \"service\": \"Waitress was very nice and accommodating/apologetic.\"\n}",
    "{\n    \"food\": \"outstanding\",\n    \"service\": \"outstanding\"\n}",
    "{\n    \"food\": \"Filet Mignon was delicious, butter cake a la mode dessert was fabulous\",\n    \"service\": \"\"\n}",
    "{\n    \"food\": \"\",\n    \"service\": \"Server was amazing, energetic and happy\"\n}",
    "{\n    \"food\": \"Food was good once it came out properly\",\n    \"service\": \"service was the worst I've ever had\"\n}",
    "{\n    \"food\": \"\",\n    \"service\": \"\"\n}",
    "{\n    \"food\": \"food was okay, not what it used to be\",\n    \"service\": \"\"\n}",
    "{\n    \"food\": \"\",\n    \"service\": \"poor service, got worse on second visit\"\n}",
    "{\n    \"food\": \"delicious\",\n    \"service\": \"excellent\"\n}",
    "{\n    \"food\": \"\",\n    \"service\": \"Server was amazing, had perfect timing for check-ins and maintained great flow of appetizers, entrees, and desserts\"\n}",
    "{\n    \"food\": \"all delicious\",\n    \"service\": \"\"\n}",
    "{\n    \"food\": \"amazing\",\n    \"service\": \"amazing\"\n}",
    "{\n    \"food\": \"Food was excellent, especially the steak burger\",\n    \"service\": \"service was a little slow\"\n}",
    "{\n    \"food\": \"great\",\n    \"service\": \"not very attentive\"\n}",
    "{\n    \"food\": \"Horrible tasting pork chops, not good at all and pricey\",\n    \"service\": \"\"\n}",
    "{\n    \"food\": \"steak was very undercooked, pork chop was very dry and not seasoned well\",\n    \"service\": \"good service\"\n}",
    "{\n    \"food\": \"food and presentation was perfect\",\n    \"service\": \"\"\n}",
    "{\n    \"food\": \"\",\n    \"service\": \"\"\n}",
    "{\n    \"food\": \"Burgers were not cooked properly, one was well done instead of medium. Food quality wasn't good.\",\n    \"service\": \"Servers were nice and apologetic but kitchen was slow, took 30 minutes for a remake\"\n}",
    "{\n    \"food\": \"Amazing food and drinks\",\n    \"service\": \"superb service\"\n}",
    "{\n    \"food\": \"green beans are sooooo good\",\n    \"service\": \"excellent\"\n}",
    "{\n    \"food\": \"\",\n    \"service\": \"bar service is slow, 15 minutes wait for drink order, poor timing with appetizers and entrees served simultaneously\"\n}",
    "{\n    \"food\": \"food was great\",\n    \"service\": \"waiter was very friendly and personable but restaurant was understaffed, took a long time to get drinks and for order to be taken\"\n}",
    "{\n    \"food\": \"The spare ribs were incredible with meat falling off the bones. The coconut shrimp and poblano cornbread were favorites.\",\n    \"service\": \"\"\n}",
    "{\n    \"food\": \"Food was great\",\n    \"service\": \"Service was great with prompt wine service and helpful recommendations\"\n}",
    "{\n    \"food\": \"\",\n    \"service\": \"\"\n}",
    "{\n    \"food\": \"food was amazing\",\n    \"service\": \"waiter was knowledgeable and overall great\"\n}",
    "{\n    \"food\": \"Steaks were overdone, ordered medium rare but came solid medium with no pink in the center\",\n    \"service\": \"Service was good\"\n}",
    "{\n    \"food\": \"wonderful\",\n    \"service\": \"wonderful\"\n}",
    "{\n    \"food\": \"\",\n    \"service\": \"Horrible service with horrible attitude\"\n}",
    "{\n    \"food\": \"The southern wedge salad, coconut shrimp appetizer and honey jalapeno poblano cornbread were delicious\",\n    \"service\": \"Server was friendly and attentive without being aggressive\"\n}",
    "{\n    \"food\": \"great food\",\n    \"service\": \"service needed polish\"\n}",
    "{\n    \"food\": \"great\",\n    \"service\": \"lacking, super slow bar service\"\n}",
    "{\n    \"food\": \"great food\",\n    \"service\": \"great service\"\n}",
    "{\n    \"food\": \"food was good\",\n    \"service\": \"Waiters were slow, took over an hour to get food, out of certain beers and tequila\"\n}",
    "{\n    \"food\": \"food was cold\",\n    \"service\": \"service was very slow, had to wait 1 hour for food, appetizer never arrived\"\n}",
    "{\n    \"food\": \"French Onion Soup and Fettucine with Short Rib were enjoyable. Grilled Filet Mignon was disappointing with burned underside despite correct medium-rare temperature.\",\n    \"service\": \"Server was attentive and nice despite being busy. Drinks service was slow. Server compensated with complimentary dessert.\"\n}",
    "{\n    \"food\": \"Quality of Food not worth the price. Steak not cooked to specifications.\",\n    \"service\": \"\"\n}",
    "{\n    \"food\": \"steak not recommended, better suited for burgers\",\n    \"service\": \"\"\n}",
    "{\n    \"food\": \"the flavor and presentation were good\",\n    \"service\": \"Worst service ever, nobody came to table for 20 minutes, waited another 10 minutes for server, drinks were severely delayed, multiple service coordination issues\"\n}",
    "{\n    \"food\": \"very good\",\n    \"service\": \"server was very helpful and courteous but overall service was slow\"\n}",
    "{\n    \"food\": \"food and drinks were amazing\",\n    \"service\": \"staff was extremely accommodating and communicative, warned about being behind but didn't take long with anything\"\n}",
    "{\n    \"food\": \"very good but not cheap\",\n    \"service\": \"\"\n}",
    "{\n    \"food\": \"delicious\",\n    \"service\": \"\"\n}",
    "{\n    \"food\": \"\",\n    \"service\": \"Terrible service with waiter forgetting drinks and food orders, extremely slow service\"\n}",
    "{\n    \"food\": \"Steaks were overcooked, no flavor, and definitely not worth the money\",\n    \"service\": \"The service was great\"\n}",
    "{\n    \"food\": \"Brussels sprouts were really good, pesto cheese bread was so so, street tacos were excellent with fried onion strings, and pasta was good\",\n    \"service\": \"Waiter seemed new and unsure, had to ask hostess to find him to get the check\"\n}",
    "{\n    \"food\": \"\",\n    \"service\": \"\"\n}",
    "{\n    \"food\": \"Fabulous food, fantastic and good value for the quality\",\n    \"service\": \"Service was good, server read that we didn't want to be bugged too much and left us alone, had to get his attention for refill water, order drink\"\n}",
    "{\n    \"food\": \"outstanding\",\n    \"service\": \"\"\n}",
    "{\n    \"food\": \"\",\n    \"service\": \"\"\n}",
    "{\n    \"food\": \"\",\n    \"service\": \"\"\n}",
    "{\n    \"food\": \"Excellent food\",\n    \"service\": \"\"\n}",
    "{\n    \"food\": \"Food was served cold, butter did not melt on steaks. Cheese on potato was not melted. Cookie was inedible due to excess baking soda.\",\n    \"service\": \"Server never returned after initial service, no drink refills offered. Host was rude. Long wait time of 1 hour 20 minutes for food.\"\n}",
    "{\n    \"food\": \"\",\n    \"service\": \"\"\n}",
    "{\n    \"food\": \"\",\n    \"service\": \"Long wait times for seating and drink orders, servers are scarce, slow food service, and poor server attentiveness\"\n}",
    "{\n    \"food\": \"\",\n    \"service\": \"\"\n}",
    "{\n    \"food\": \"Excellent food\",\n    \"service\": \"\"\n}",
    "{\n    \"food\": \"Food was served cold, butter did not melt on steaks. Cheese on potato was not melted. Cookie was inedible due to excess baking soda.\",\n    \"service\": \"Server never returned to offer more drinks during 1 hour 20 minutes wait. Host was rude. Understaffed.\"\n}",
    "{\n    \"food\": \"\",\n    \"service\": \"\"\n}",
    "{\n    \"food\": \"\",\n    \"service\": \"Long wait times for seating and drink orders, servers are scarce, slow food service, and poor server attentiveness\"\n}",
    "{\n    \"food\": \"\",\n    \"service\": \"Waited 25 mins for a waiter to take drink order. Appetizers arrived after entrees.\"\n}",
    "{\n    \"food\": \"amazing\",\n    \"service\": \"waited 20 minutes with no server, multiple servers walked by, had to ask host stand for server, after that service was great\"\n}",
    "{\n    \"food\": \"\",\n    \"service\": \"host was pleasant\"\n}",
    "{\n    \"food\": \"Great food\",\n    \"service\": \"Sloooooow service\"\n}",
    "{\n    \"food\": \"Steak was overcooked, sausages were delivered raw and never received after being sent back. Food quality was not recommendable.\",\n    \"service\": \"Service was good with accommodating host and nice server who helped with indoor seating ahead of schedule.\"\n}",
    "{\n    \"food\": \"\",\n    \"service\": \"wanted us to move tables after a few hours\"\n}",
    "{\n    \"food\": \"food is always so delicious\",\n    \"service\": \"\"\n}",
    "{\n    \"food\": \"Swordfish portion was small. Calamari was tough and small.\",\n    \"service\": \"\"\n}",
    "{\n    \"food\": \"\",\n    \"service\": \"Service was VERY slow. One dish took another 15 minutes to arrive after other plates were served\"\n}",
    "{\n    \"food\": \"Steak was overcooked, ordered mid-rare but came out mid-well, second attempt was well done and unseasoned. Desert cake was poor quality.\",\n    \"service\": \"Poor service despite empty restaurant. Long wait times for food, sides came after main dish, manager never responded when requested.\"\n}",
    "{\n    \"food\": \"Amazing food\",\n    \"service\": \"\"\n}",
    "{\n    \"food\": \"Cornbread and crab cakes appetizers were delicious. Swordfish and green beans were cooked to perfection. Cookie with cream dessert was tasty.\",\n    \"service\": \"Server was nice and attentive throughout the meal\"\n}",
    "{\n    \"food\": \"food was amazing\",\n    \"service\": \"\"\n}",
    "{\n    \"food\": \"delicious food\",\n    \"service\": \"fabulous service\"\n}",
    "{\n    \"food\": \"both steaks were overcooked\",\n    \"service\": \"30 minutes wait for order acknowledgment, over 80 minutes total wait time for food, poor attention to customers\"\n}",
    "{\n    \"food\": \"great\",\n    \"service\": \"really slow\"\n}",
    "{\n    \"food\": \"Delicious food\",\n    \"service\": \"\"\n}",
    "{\n    \"food\": \"The burger was bland and too big. The steak was mediocre and overpriced.\",\n    \"service\": \"Service was catastrophic - slow, inaccurate, and unattentive\"\n}",
    "{\n    \"food\": \"Pork chop was tasty but tough, scallops were ok\",\n    \"service\": \"\"\n}",
    "{\n    \"food\": \"food was undercooked and tasted awful\",\n    \"service\": \"waited two hours for food, no server communication about delays, poor service management with continued seating despite kitchen delays\"\n}",
    "{\n    \"food\": \"Food is generally good based on past visits, but during this visit some dishes never arrived or were severely delayed\",\n    \"service\": \"Initial service was great and attentive for first 15 minutes, but then deteriorated with hour-long wait times, poor communication, lack of updates about delays, inexperienced staff, and no management intervention to address issues\"\n}",
    "{\n    \"food\": \"Benedict's really don't reheat, wrong order received (crab cakes mixed up with benedict)\",\n    \"service\": \"Over an hour wait for food, forgot water and beer orders, staff apologetic for poor service\"\n}",
    "{\n    \"food\": \"The steaks were cold almost like they were still frozen. The pancakes were uncooked.\",\n    \"service\": \"Waitress only wanted to take drink order despite being ready to order. 30 minutes later took food order. Received partial order after 1 hour, rest after 25 minutes more. Waitress never checked on tables. Had to flag down other servers.\"\n}",
    "{\n    \"food\": \"\",\n    \"service\": \"poor service as server had to be asked to take the order and deliver the check\"\n}",
    "{\n    \"food\": \"chopped salad had yellow leaves, but was tasty with delicious shrimp. Initial coffee was cold\",\n    \"service\": \"service was excellent, waitress apologized for cold coffee, made fresh pot and didn't charge for it\"\n}",
    "{\n    \"food\": \"food was amazing\",\n    \"service\": \"did a great job taking care of our party throughout the night\"\n}",
    "{\n    \"food\": \"The food was absolutely delicious! The short rib pasta dish is just amazing!\",\n    \"service\": \"\"\n}",
    "{\n    \"food\": \"excellent food\",\n    \"service\": \"great attention\"\n}",
    "{\n    \"food\": \"chicken not recommended, steak rated 3.5 stars\",\n    \"service\": \"long wait for order taking, but good service afterward\"\n}",
    "{\n    \"food\": \"Side dishes, salad and cocktails were great. New York steak required 3 attempts to get cooked correctly\",\n    \"service\": \"Poor service due to multiple attempts needed to cook steak properly\"\n}",
    "{\n    \"food\": \"food was ok\",\n    \"service\": \"staff are entry level, and untrained\"\n}",
    "{\n    \"food\": \"The food was over cooked with poor flavor. Ribeye order was mixed up with New York steak.\",\n    \"service\": \"Bartender mixed up wine order with champagne. Orders were incorrect and took 30 minutes for correct order to arrive.\"\n}",
    "{\n    \"food\": \"Food was delicious with wide variety of food and drinks\",\n    \"service\": \"\"\n}",
    "{\n    \"food\": \"Hamburger was humungous and good. Pesto garlic bread, coconut shrimp and steaks were large and delicious.\",\n    \"service\": \"Server was charming and attentive.\"\n}",
    "{\n    \"food\": \"food was beautiful and tasted amazing, craft cocktails were well priced and yummy\",\n    \"service\": \"attentive staff\"\n}",
    "{\n    \"food\": \"meal was worst\",\n    \"service\": \"40 minutes to take drink order, worst service\"\n}",
    "{\n    \"food\": \"delicious, food arrived warm\",\n    \"service\": \"slow service due to understaffing, waiter had large area to cover, billing error with wine took long to resolve\"\n}",
    "{\n    \"food\": \"Filet mignon was one grade overcooked but the cheese bread was excellent\",\n    \"service\": \"\"\n}",
    "{\n    \"food\": \"The pesto cheesebread was disappointing in size and taste, served as a sliced deli style sandwich roll instead of the usual large round loaf\",\n    \"service\": \"Service was lackluster with slow response times, repeated requests needed for items, delayed drink refills, and overly aggressive bussers who kept trying to clear plates before diners were finished\"\n}",
    "{\n    \"food\": \"The food tasted good\",\n    \"service\": \"took a long time to bring out the appetizers and about an hour or more to bring out the food\"\n}",
    "{\n    \"food\": \"Great rib eye steak and a very tasty chopped salad\",\n    \"service\": \"\"\n}",
    "{\n    \"food\": \"great\",\n    \"service\": \"waitress was on point from start to finish\"\n}",
    "{\n    \"food\": \"Food quality was poor, served cold, missing main portions of dishes, tasted rushed\",\n    \"service\": \"Long waits between seating, drink orders, and food orders due to limited staff, uncoordinated food service with staggered delivery\"\n}",
    "{\n    \"food\": \"\",\n    \"service\": \"\"\n}",
    "{\n    \"food\": \"Several dishes are over the top salty ruining the food\",\n    \"service\": \"Service is always great\"\n}",
    "{\n    \"food\": \"burger was overcooked\",\n    \"service\": \"poor service with servers neglecting tables, long wait times for wine, servers stacking dirty dishes unprofessionally\"\n}",
    "{\n    \"food\": \"Pesto cheesy bread, Sticky Chicken, and blackberry filet mignon were great. Cocktails were excellent.\",\n    \"service\": \"\"\n}",
    "{\n    \"food\": \"swordfish was small, steak was dry, backed potato was dry, plabano corn bread skillet had too much honey\",\n    \"service\": \"was okay, took a while to take order\"\n}",
    "{\n    \"food\": \"steak was cooked incorrectly\",\n    \"service\": \"30 min wait for drink order, 60 min for food, appetizer came with main course, no server check-ins, had to flag down different staff for check\"\n}",
    "{\n    \"food\": \"The poke was amazing, steak tacos and shrimp tacos were good\",\n    \"service\": \"\"\n}",
    "{\n    \"food\": \"The rib eye was excellent\",\n    \"service\": \"Service was excellent\"\n}",
    "{\n    \"food\": \"Food was amazing\",\n    \"service\": \"\"\n}",
    "{\n    \"food\": \"food and drink options\",\n    \"service\": \"\"\n}",
    "{\n    \"food\": \"The food was delicious\",\n    \"service\": \"Entire staff was very courteous and our waitress was very attentive\"\n}",
    "{\n    \"food\": \"\",\n    \"service\": \"\"\n}",
    "{\n    \"food\": \"Food was mediocre, nothing extraordinary and quite expensive\",\n    \"service\": \"The wait staff and service was very good, though there was a delay in getting the check due to system issues\"\n}",
    "{\n    \"food\": \"food used to be really good and now it's nominal\",\n    \"service\": \"waiter was MIA most of the time and they weren't busy at all\"\n}",
    "{\n    \"food\": \"\",\n    \"service\": \"\"\n}",
    "{\n    \"food\": \"\",\n    \"service\": \"\"\n}",
    "{\n    \"food\": \"Excellent food, high-quality, tasty food\",\n    \"service\": \"excellent service\"\n}",
    "{\n    \"food\": \"Great food\",\n    \"service\": \"\"\n}",
    "{\n    \"food\": \"food seemed rushed and wasn't as good as previous visits\",\n    \"service\": \"Service wasn't that good, did not see waiter too often and had to find random worker for check and boxes\"\n}",
    "{\n    \"food\": \"amazing food/drinks\",\n    \"service\": \"great service\"\n}",
    "{\n    \"food\": \"food was ok\",\n    \"service\": \"good service\"\n}",
    "{\n    \"food\": \"amazing\",\n    \"service\": \"amazing\"\n}",
    "{\n    \"food\": \"food was good but not great\",\n    \"service\": \"service was not good, took forever to be served and multiple requests for silverware\"\n}",
    "{\n    \"food\": \"\",\n    \"service\": \"Bad service with long wait times of 20 minutes, no server greeting, had to order from passing bartender, and continued lack of attention throughout the evening\"\n}",
    "{\n    \"food\": \"\",\n    \"service\": \"Our server Tina was an excellent 'people person'\"\n}",
    "{\n    \"food\": \"The food was great\",\n    \"service\": \"The young man who delivered our entrees did not know a filet from a bone in rib eye, needs to be trained better\"\n}",
    "{\n    \"food\": \"steak was overcooked and well done with no pink despite ordering medium\",\n    \"service\": \"chef refused to recook the steak, bartender was fighting with waiters in front of customers, staff did not address the issue\"\n}",
    "{\n    \"food\": \"Two of the six meals were wrong (entirely different entree than ordered) and food became cold due to waiting for silverware\",\n    \"service\": \"Long wait times for everything including apps, drinks, food, and silverware. Poor greeting from host. Slow service despite having three servers for only 4 tables\"\n}",
    "{\n    \"food\": \"good\",\n    \"service\": \"slow\"\n}",
    "{\n    \"food\": \"delicious\",\n    \"service\": \"very slow and subpar\"\n}",
    "{\n    \"food\": \"Food presentation and taste was excellent\",\n    \"service\": \"Very attentive and courteous staff\"\n}",
    "{\n    \"food\": \"dinner was cold, cold baked potato\",\n    \"service\": \"waiter was nice but inattentive, had to get up to find waiter\"\n}",
    "{\n    \"food\": \"\",\n    \"service\": \"\"\n}",
    "{\n    \"food\": \"excellent\",\n    \"service\": \"server was distracted and out visiting frequently\"\n}",
    "{\n    \"food\": \"\",\n    \"service\": \"\"\n}",
    "{\n    \"food\": \"Great Food, amazing Food\",\n    \"service\": \"\"\n}",
    "{\n    \"food\": \"great\",\n    \"service\": \"server was amazing\"\n}",
    "{\n    \"food\": \"good\",\n    \"service\": \"waiter was great but hostess provided poor service with bad attitude regarding seating arrangements\"\n}",
    "{\n    \"food\": \"Swordfish was overcooked then brought another and that was undercooked\",\n    \"service\": \"Drinks took almost an hour. Server was snarky and not very welcoming\"\n}",
    "{\n    \"food\": \"excellent\",\n    \"service\": \"non existent, one server for the whole restaurant, took a long long time\"\n}",
    "{\n    \"food\": \"Appetizers were good but all steaks were incorrectly cooked. Some sides were missing.\",\n    \"service\": \"Service was poor with long wait times for drinks, waiter frequently disappeared, multiple reminders needed for orders, and empty glasses not cleared timely.\"\n}",
    "{\n    \"food\": \"steak was good but not as tasty as previous times\",\n    \"service\": \"\"\n}",
    "{\n    \"food\": \"good food but very few options\",\n    \"service\": \"\"\n}",
    "{\n    \"food\": \"All of the sides and appetizers were excellent and the steaks were perfectly cooked\",\n    \"service\": \"\"\n}",
    "{\n    \"food\": \"Risotto and scallops was under seasoned and the risotto tasted off. The sticky chicken was salty. Steaks were over seasoned and over cooked.\",\n    \"service\": \"Delayed seating despite reservation, no assigned waiter, long wait for orders to be taken, excessive delay in food and drink service\"\n}",
    "{\n    \"food\": \"Tacos appetizer was great. Salads, loaded potatoes, short ribs and dessert were delicious. Everyone enjoyed their food.\",\n    \"service\": \"Long wait times for food and drinks. Server was not very attentive.\"\n}",
    "{\n    \"food\": \"The food was great, baby back ribs were enjoyable, baked brie was surprisingly good, calamari steak was a little underwhelming but still good\",\n    \"service\": \"Staff was prompt & courteous\"\n}",
    "{\n    \"food\": \"\",\n    \"service\": \"\"\n}",
    "{\n    \"food\": \"\",\n    \"service\": \"\"\n}",
    "{\n    \"food\": \"Excellent steak, fish, and scallops. The risotto was nothing special\",\n    \"service\": \"\"\n}"
]